asset_id,submitter_id,nacc_id,index,asset_type_id,asset_type_other,asset_name,date_acquiring_type_id,acquiring_date,acquiring_month,acquiring_year,date_ending_type_id,ending_date,ending_month,ending_year,asset_acquisition_type_id,valuation,owner_by_submitter,owner_by_spouse,owner_by_child,latest_submitted_date
2616,40,62,1,1,,โฉนด,1,6,7,2011,4,,,,6,10080000,TRUE,FALSE,FALSE,2022-12-13
2617,40,62,2,1,,โฉนด,1,26,9,2011,4,,,,6,10080000,TRUE,FALSE,FALSE,2022-12-13
2618,40,62,3,1,,โฉนด,1,6,7,2012,4,,,,6,10080000,TRUE,FALSE,FALSE,2022-12-13
2619,40,62,4,1,,โฉนด,1,10,10,2013,4,,,,6,1837500,TRUE,FALSE,FALSE,2022-12-13
2620,40,62,5,1,,โฉนด,1,25,3,2005,4,,,,6,2925000,FALSE,TRUE,FALSE,2022-12-13
2621,40,62,6,1,,โฉนด,1,16,10,2018,4,,,,6,104000000,FALSE,TRUE,FALSE,2022-12-13
2622,40,62,7,1,,โฉนด,1,10,6,2022,4,,,,6,10640000,FALSE,TRUE,FALSE,2022-12-13
2623,40,62,1,13,,ห้องชุดเพนท์เฮ้าส์,1,31,7,2017,4,,,,6,92000000,TRUE,FALSE,FALSE,2022-12-13
2624,40,62,2,13,,ห้องชุด,1,20,12,2010,4,,,,6,16500000,TRUE,FALSE,FALSE,2022-12-13
2625,40,62,3,37,ทาวน์เฮ้าส์,ทาวน์เฮ้าส์,1,6,7,2011,4,,,,6,630000,TRUE,FALSE,FALSE,2022-12-13
2626,40,62,4,10,,บ้านเดี่ยว 3 ชั้น,1,10,10,2013,4,,,,6,2076460,TRUE,FALSE,FALSE,2022-12-13
2627,40,62,5,13,,ห้องชุด,1,26,2,2010,4,,,,6,7500000,FALSE,TRUE,FALSE,2022-12-13
2628,40,62,6,10,,บ้านเดี่ยว,1,16,10,2018,4,,,,6,656180,FALSE,TRUE,FALSE,2022-12-13
2629,40,62,7,37,ทาวน์เฮ้าส์,ทาวน์เฮ้าส์,1,10,6,2022,4,,,,6,580440,FALSE,TRUE,FALSE,2022-12-13
2630,40,62,1,19,,รถจักรยานยนต์,1,29,8,2013,4,,,,6,18900,TRUE,FALSE,FALSE,2022-12-13
2631,40,62,2,18,,รถยนต์,1,2,4,2019,4,,,,6,2800000,TRUE,FALSE,FALSE,2022-12-13
2632,40,62,3,18,,รถยนต์,1,10,10,2014,4,,,,6,2150000,FALSE,TRUE,FALSE,2022-12-13
2633,40,62,4,18,,รถยนต์,1,21,2,2019,4,,,,6,2280000,FALSE,TRUE,FALSE,2022-12-13
2634,40,62,5,18,,รถยนต์,1,11,10,2019,4,,,,6,2068000,FALSE,TRUE,FALSE,2022-12-13
2635,40,62,6,18,,รถยนต์,1,24,4,2021,4,,,,6,5500000,FALSE,TRUE,FALSE,2022-12-13
2636,40,62,1,22,,สิทธิในกรมธรรม์ประกันภัย เลขที่ 5055394217 บริษัท เมืองไทยประกันชีวิต จำกัด (มหาชน),1,30,6,2010,1,30,6,2024,6,3685117.81,TRUE,FALSE,FALSE,2022-12-13
2637,40,62,2,22,,สิทธิในกรมธรรม์ประกันภัย เลขที่ T142753985 บริษัท เอไอเอ จำกัด,1,26,6,2008,1,26,6,2028,6,245098.88,TRUE,FALSE,FALSE,2022-12-13
2638,40,62,3,22,,สิทธิในกรมธรรม์ประกันภัย เลขที่ T105268268 บริษัท เอไอเอ จำกัด,1,2,9,2003,1,2,9,2045,6,196151.85,TRUE,FALSE,FALSE,2022-12-13
2639,40,62,4,22,,สิทธิในกรมธรรม์ประกันภัย เลขที่ T144092495 บริษัท เอไอเอ จำกัด,1,29,12,2008,1,29,12,2028,6,238702.78,TRUE,FALSE,FALSE,2022-12-13
2640,40,62,5,22,,สิทธิในกรมธรรม์ประกันภัย เลขที่ T144092466 บริษัท เอไอเอ จำกัด,1,4,12,2008,1,4,12,2028,6,335532.86,TRUE,FALSE,FALSE,2022-12-13
2641,40,62,6,22,,สิทธิในกรมธรรม์ประกันภัย เลขที่ 100001646469 บริษัท เอฟดับบลิวดี ประกันชีวิต จำกัด (มหาชน),1,3,4,2015,1,3,4,2027,6,4659813.7,TRUE,FALSE,FALSE,2022-12-13
2642,40,62,7,25,,กองทุนเพื่อผู้เคยเป็นสมาชิกรัฐสภา สำนักงานเลขาธิการสภาผู้แทนราษฎร,1,16,8,2022,1,15,2,2029,6,702000,TRUE,FALSE,FALSE,2022-12-13
2643,40,62,8,39,เงินสงเคราะห์,เงินสงเคราะห์ชราภาพมาตรา 33/39 สำนักงานประกันสังคม,1,,,2007,1,,,2019,6,110667,TRUE,FALSE,FALSE,2022-12-13
2644,40,62,9,24,,สิทธิในสมาชิก แปซิฟิค คลับ ซิตี้ หมายเลขสมาชิก W0167,1,9,2,2021,2,,,,6,0,TRUE,FALSE,FALSE,2022-12-13
2645,40,62,10,22,,สิทธิในกรมธรรม์ประกันภัย เลขที่ T126026146 บริษัท เอไอเอ จำกัด,1,21,11,2006,1,21,11,2031,6,480966.88,FALSE,TRUE,FALSE,2022-12-13
2646,40,62,11,22,,สิทธิในกรมธรรม์ประกันภัย เลขที่ T134233497 บริษัท เอไอเอ จำกัด,1,28,9,2007,1,12,11,2022,6,290.4,FALSE,TRUE,FALSE,2022-12-13
2647,40,62,12,22,,สิทธิในกรมธรรม์ประกันภัย เลขที่ 4403184 บริษัท เอฟดับบลิวดี ประกันชีวิต จำกัด (มหาชน),1,23,11,2005,1,23,11,2030,6,243631.78,FALSE,TRUE,FALSE,2022-12-13
2648,40,62,13,22,,สิทธิในกรมธรรม์ประกันภัย เลขที่ 9443813 บริษัท เอฟดับบลิวดี ประกันชีวิต จำกัด (มหาชน),1,19,12,2008,1,19,12,2022,6,1964383.56,FALSE,TRUE,FALSE,2022-12-13
2649,40,62,14,22,,สิทธิในกรมธรรม์ประกันภัย เลขที่ 11704889 บริษัท เอฟดับบลิวดี ประกันชีวิต จำกัด (มหาชน),1,26,6,2009,1,26,6,2023,6,955265.75,FALSE,TRUE,FALSE,2022-12-13
2650,40,62,15,22,,สิทธิในกรมธรรม์ประกันภัย เลขที่ 40670760 บริษัท เอฟดับบลิวดี ประกันชีวิต จำกัด (มหาชน),1,22,11,2019,1,22,11,2033,6,99082.62,FALSE,TRUE,FALSE,2022-12-13
2651,40,62,16,22,,สิทธิในกรมธรรม์ประกันภัย เลขที่ 5056599046 บริษัท เมืองไทยประกันชีวิต จำกัด (มหาชน),1,30,9,2010,1,30,9,2024,6,3658602.74,FALSE,TRUE,FALSE,2022-12-13
2652,40,62,17,39,เงินสงเคราะห์,เงินสงเคราะห์ชราภาพมาตรา 33/39 สำนักงานประกันสังคม,1,,,2003,1,13,9,2022,6,123442.78,FALSE,TRUE,FALSE,2022-12-13
2653,40,62,18,22,,สิทธิในกรมธรรม์ประกันภัย เลขที่ T154160922 บริษัท เอไอเอ จำกัด,1,25,2,2011,1,25,2,2036,6,215392.59,FALSE,FALSE,TRUE,2022-12-13
2654,40,62,19,22,,สิทธิในกรมธรรม์ประกันภัย เลขที่ T173893157 บริษัท เอไอเอ จำกัด,1,6,7,2012,1,6,7,2089,6,106827.97,FALSE,FALSE,TRUE,2022-12-13
2655,40,62,20,22,,สิทธิในกรมธรรม์ประกันภัย เลขที่ 5053068060 บริษัท เมืองไทยประกันชีวิต จำกัด (มหาชน),1,25,11,2009,1,25,11,2023,6,1891309.59,FALSE,FALSE,TRUE,2022-12-13
2656,40,62,21,22,,สิทธิในกรมธรรม์ประกันภัย เลขที่ T164870325 บริษัท เอไอเอ จำกัด,1,23,5,2011,1,23,5,2036,6,210368.49,FALSE,FALSE,TRUE,2022-12-13
2657,40,62,22,22,,สิทธิในกรมธรรม์ประกันภัย เลขที่ 40481424 บริษัท เอฟดับบลิวดี ประกันชีวิต จำกัด (มหาชน),1,30,10,2018,1,30,10,2033,6,284251.78,FALSE,FALSE,TRUE,2022-12-13
2658,40,62,23,22,,สิทธิในกรมธรรม์ประกันภัย เลขที่ 3009605009 บริษัท อลิอันซ์ อยุธยา ประกันชีวิต จำกัด (มหาชน),1,27,12,2010,1,27,12,2025,6,906466.75,FALSE,FALSE,TRUE,2022-12-13
2659,40,62,24,24,,สิทธิในสมาชิก The Racquet Club หมายเลข 19054,1,26,4,2022,1,26,4,2023,6,0,FALSE,FALSE,TRUE,2022-12-13
2660,40,62,25,24,,สิทธิในสมาชิก The Racquet Club หมายเลข 19055,1,26,4,2022,1,26,4,2023,6,0,FALSE,FALSE,TRUE,2022-12-13
2661,40,62,26,24,,สิทธิในสมาชิก The Racquet Club หมายเลข 13511,1,26,4,2022,1,26,4,2023,6,0,FALSE,TRUE,FALSE,2022-12-13
2662,40,62,27,24,,สิทธิในสมาชิกในราชกรีฑาสโมสร หมายเลข 9905020384,1,,,2005,1,,,2029,6,0,FALSE,TRUE,FALSE,2022-12-13
2663,40,62,28,24,,สิทธิในสมาชิก Pacific Club ตลอดชีพ,1,11,4,2019,3,,,,6,0,FALSE,TRUE,FALSE,2022-12-13
2664,40,62,1,28,,กระเป๋า Hermes รุ่น Himalayan Birkin,2,,,,4,,,,6,3100000,TRUE,FALSE,FALSE,2022-12-13
2665,40,62,2,28,,กระเป๋า Hermes รุ่น Kelly Size 32 สี Eleetra blue,2,,,,4,,,,6,465900,TRUE,FALSE,FALSE,2022-12-13
2666,40,62,3,28,,กระเป๋า Hermes รุ่น Kelly Size 32 สี Rose Lipstick,2,,,,4,,,,6,575000,TRUE,FALSE,FALSE,2022-12-13
2667,40,62,4,28,,กระเป๋า Hermes รุ่น Kelly Size 32 สี Black,2,,,,4,,,,6,496952,TRUE,FALSE,FALSE,2022-12-13
2668,40,62,5,28,,กระเป๋า Hermes รุ่น Kelly Size 32 สี Natural,2,,,,4,,,,6,400000,TRUE,FALSE,FALSE,2022-12-13
2669,40,62,6,28,,กระเป๋า Hermes รุ่น Birkin Size 25 สี Etoupe,2,,,,4,,,,6,400000,TRUE,FALSE,FALSE,2022-12-13
2670,40,62,7,28,,กระเป๋า Hermes รุ่น Toolbox สีน้ำตาล,2,,,,4,,,,6,140000,TRUE,FALSE,FALSE,2022-12-13
2671,40,62,8,28,,กระเป๋า Hermes รุ่น Jypsiere สีน้ำตาล,2,,,,4,,,,6,119000,TRUE,FALSE,FALSE,2022-12-13
2672,40,62,9,28,,กระเป๋า Hermes รุ่น Birkin Size 30 สีเทา,2,,,,4,,,,6,300000,TRUE,FALSE,FALSE,2022-12-13
2673,40,62,10,28,,กระเป๋า Hermes รุ่น Kelly Size 32 สีส้ม,2,,,,4,,,,6,200000,TRUE,FALSE,FALSE,2022-12-13
2674,40,62,11,28,,กระเป๋า Hermes รุ่น Lindy สีน้ำเงิน,2,,,,4,,,,6,170000,TRUE,FALSE,FALSE,2022-12-13
2675,40,62,12,28,,กระเป๋า Hermes รุ่น Kelly Size 28 สี Indigo Blue,2,,,,4,,,,6,359000,TRUE,FALSE,FALSE,2022-12-13
2676,40,62,13,28,,กระเป๋า Hermes รุ่น Everlyn สีชมพู,2,,,,4,,,,6,62900,TRUE,FALSE,FALSE,2022-12-13
2677,40,62,14,28,,กระเป๋า Chanel รุ่น Classic Size Jumbo สี Beige,1,,,2011,4,,,,6,190790,TRUE,FALSE,FALSE,2022-12-13
2678,40,62,15,28,,กระเป๋า Chanel รุ่น Classic Size Jumbo สี Black,1,,,2009,4,,,,6,190790,TRUE,FALSE,FALSE,2022-12-13
2679,40,62,16,28,,กระเป๋า Chanel รุ่น Classic Size 10 สี Red,1,,,2012,4,,,,6,119650,TRUE,FALSE,FALSE,2022-12-13
2680,40,62,17,28,,กระเป๋า Chanel รุ่น Reissue สี Champagne,1,,,2013,4,,,,6,179000,TRUE,FALSE,FALSE,2022-12-13
2681,40,62,18,28,,กระเป๋า Chanel รุ่น Reissue Roll Clutch lambskin,2,,,,4,,,,6,82500,TRUE,FALSE,FALSE,2022-12-13
2682,40,62,19,28,,กระเป๋า Givenchy รุ่น Pandora,1,,,2018,4,,,,6,69000,TRUE,FALSE,FALSE,2022-12-13
2683,40,62,20,28,,กระเป๋า Givenchy รุ่น GV3 ไซส์ Medium สีดำ,1,,,2018,4,,,,6,88000,TRUE,FALSE,FALSE,2022-12-13
2684,40,62,21,28,,กระเป๋า Valentino รุ่น Medium Rockstud Crossbody,2,,,,4,,,,6,83390,TRUE,FALSE,FALSE,2022-12-13
2685,40,62,22,28,,กระเป๋า Valentino รุ่น Rockstud หนัง Stringray,2,,,,4,,,,6,120000,TRUE,FALSE,FALSE,2022-12-13
2686,40,62,23,28,,กระเป๋า Celine รุ่น Box Stingray Exotic,1,,,2015,4,,,,6,160000,TRUE,FALSE,FALSE,2022-12-13
2687,40,62,24,28,,กระเป๋า Celine รุ่น Tie สีน้ำเงิน,1,,,2016,4,,,,6,120000,TRUE,FALSE,FALSE,2022-12-13
2688,40,62,25,28,,กระเป๋า Boyy รุ่น Bobby ไซส์ 23 หนังงู,1,,,2018,4,,,,6,58000,TRUE,FALSE,FALSE,2022-12-13
2689,40,62,26,28,,กระเป๋า Boyy รุ่น Karl Leopard,1,,,2018,4,,,,6,37200,TRUE,FALSE,FALSE,2022-12-13
2690,40,62,27,28,,กระเป๋า Balenciaga รุ่น Riva City สี Cognac,2,,,,4,,,,6,73500,TRUE,FALSE,FALSE,2022-12-13
2691,40,62,28,28,,กระเป๋า Fendi รุ่น Peekaboo Iconic Essential,1,,,2018,4,,,,6,165550,TRUE,FALSE,FALSE,2022-12-13
2692,40,62,29,28,,กระเป๋า Bottega Veneta รุ่น Intrecciato Calf Roma สี China Red,2,,,,4,,,,6,193390,TRUE,FALSE,FALSE,2022-12-13
2693,40,62,30,28,,กระเป๋า Christian Dior รุ่น zippy หนังงู,1,,,2017,4,,,,6,100000,FALSE,TRUE,FALSE,2022-12-13
2694,40,62,31,30,,นาฬิกา Patek Philippe,2,,,,4,,,,6,1089000,TRUE,FALSE,FALSE,2022-12-13
2695,40,62,32,30,,นาฬิกา Panerai,2,,,,4,,,,6,175400,TRUE,FALSE,FALSE,2022-12-13
2696,40,62,33,30,,นาฬิกา Rolex รุ่น Daytona สี Rose Gold,2,,,,4,,,,6,1017000,TRUE,FALSE,FALSE,2022-12-13
2697,40,62,34,30,,นาฬิกา Rolex รุ่น Oyster Perpetual,1,,,2013,4,,,,6,300000,TRUE,FALSE,FALSE,2022-12-13
2698,40,62,35,30,,นาฬิกา Rolex รุ่น Oyster Perpetual,1,,,2015,4,,,,6,330000,TRUE,FALSE,FALSE,2022-12-13
2699,40,62,36,30,,นาฬิกา Rolex รุ่น Oyster Perpetual,1,,,2017,4,,,,6,275000,TRUE,FALSE,FALSE,2022-12-13
2700,40,62,37,30,,นาฬิกา Hublot,1,,,2015,4,,,,6,500000,FALSE,TRUE,FALSE,2022-12-13
2701,40,62,38,30,,นาฬิกา Breguet,2,,,,4,,,,6,2221000,FALSE,TRUE,FALSE,2022-12-13
2702,40,62,39,30,,นาฬิกา Penerai,2,,,,4,,,,6,180000,FALSE,TRUE,FALSE,2022-12-13
2703,40,62,40,30,,นาฬิกา Omega Speedmaster,1,,,2013,4,,,,6,150000,FALSE,TRUE,FALSE,2022-12-13
2704,40,62,41,30,,นาฬิกา Rolex GMT-MASTER II,1,,,2017,4,,,,6,500000,FALSE,TRUE,FALSE,2022-12-13
2705,40,62,42,31,,แหวนเพชร 1.5 กะรัต,1,,,2008,4,,,,6,730000,TRUE,FALSE,FALSE,2022-12-13
2706,40,62,43,31,,แหวนเพชร,1,,,2011,4,,,,6,350000,TRUE,FALSE,FALSE,2022-12-13
2707,40,62,44,31,,แหวนเพชร,1,,,2012,4,,,,6,50000,TRUE,FALSE,FALSE,2022-12-13
2708,40,62,45,31,,กำไลข้อมือ Catier รุ่น Love,1,,,2015,4,,,,6,323200,TRUE,FALSE,FALSE,2022-12-13
2709,40,62,46,31,,แหวน Catier รุ่น Paris Nouvelle Vague,1,,,2016,4,,,,6,240000,TRUE,FALSE,FALSE,2022-12-13
2710,40,62,47,31,,สร้อยเพชรพร้อมจี้เพชรรูปหัวใจ,2,,,,4,,,,6,200000,TRUE,FALSE,FALSE,2022-12-13
2711,40,62,48,31,,แหวนทับทิม,2,,,,4,,,,6,20000,TRUE,FALSE,FALSE,2022-12-13
2712,40,62,49,31,,แหวนมรกต,2,,,,4,,,,6,100000,TRUE,FALSE,FALSE,2022-12-13
2713,40,62,50,31,,ต่างหูมรกต 1 คู่,2,,,,4,,,,6,200000,TRUE,FALSE,FALSE,2022-12-13
2714,40,62,51,31,,แหวนเพชร 0.3 กะรัต,2,,,,4,,,,6,19000,TRUE,FALSE,FALSE,2022-12-13
2715,40,62,52,31,,แหวนเพชรทรงเหลื่ยม ขนาด 1.16 กะรัต,2,,,,4,,,,6,450000,TRUE,FALSE,FALSE,2022-12-13
2716,40,62,53,31,,แหวนเพชรทรงกลม ขนาด 1.2 กะรัต,2,,,,4,,,,6,466000,TRUE,FALSE,FALSE,2022-12-13
2717,40,62,54,31,,แหวนเพชรรูปดอกไม้เรือนทองคำ,2,,,,4,,,,6,20000,TRUE,FALSE,FALSE,2022-12-13
2718,40,62,55,31,,แหวนประดับมุก,2,,,,4,,,,6,15000,TRUE,FALSE,FALSE,2022-12-13
2719,40,62,56,31,,แหวน PG ฉลุใบมะขาม เขียวส่อง เพชร บุษราคัม,2,,,,4,,,,6,120000,TRUE,FALSE,FALSE,2022-12-13
2720,40,62,57,31,,เพชร น้ำหนัก 0.91 กะรัต (G),2,,,,4,,,,6,91000,TRUE,FALSE,FALSE,2022-12-13
2721,40,62,58,31,,เพชร น้ำหนัก 0.91 กะรัต (G),2,,,,4,,,,6,91000,TRUE,FALSE,FALSE,2022-12-13
2722,40,62,59,31,,สร้อยคอไข่มุก MIKIMOTO รุ่น KZ713,2,,,,4,,,,6,100000,TRUE,FALSE,FALSE,2022-12-13
2723,40,62,60,31,,สร้อยคอไข่มุก MIKIMOTO,2,,,,4,,,,6,180000,TRUE,FALSE,FALSE,2022-12-13
2724,40,62,61,31,,สร้อยคอไข่มุก MIKIMOTO,1,,,2014,4,,,,6,860000,TRUE,FALSE,FALSE,2022-12-13
2725,40,62,62,31,,ต่างหูผึ้ง ปีกเพชร 1 คู่,2,,,,4,,,,6,15000,TRUE,FALSE,FALSE,2022-12-13
2726,40,62,63,31,,สร้อยข้อมูลเพชร ตัวเรือนทองคำขาว 18K,1,,,2008,4,,,,6,68000,TRUE,FALSE,FALSE,2022-12-13
2727,40,62,64,31,,ต่างหูเพชร,2,,,,4,,,,6,250000,TRUE,FALSE,FALSE,2022-12-13
2728,40,62,65,31,,ต่างหูเพชร ตัวเรือนทองคำขาว,1,,,2008,4,,,,6,59000,TRUE,FALSE,FALSE,2022-12-13
2729,40,62,66,31,,เพชร น้ำหนัก 0.83 กะรัต (E),1,,,2017,4,,,,6,100000,TRUE,FALSE,FALSE,2022-12-13
2730,40,62,67,31,,กำไลหยก,2,,,,4,,,,6,20000,TRUE,FALSE,FALSE,2022-12-13
2731,40,62,68,31,,สร้อยไข่มุกดำ,2,,,,4,,,,6,150000,TRUE,FALSE,FALSE,2022-12-13
2732,40,62,69,31,,สร้อยไข่มุก,2,,,,4,,,,6,30000,TRUE,FALSE,FALSE,2022-12-13
2733,40,62,70,31,,สร้อยไข่มุกเล็ก,2,,,,4,,,,6,45000,TRUE,FALSE,FALSE,2022-12-13
2734,40,62,71,31,,จี้หยกล้อมเพชร,2,,,,4,,,,6,45000,TRUE,FALSE,FALSE,2022-12-13
2735,40,62,72,31,,ชุดหยกล้อมเพขร,2,,,,4,,,,6,50000,TRUE,FALSE,FALSE,2022-12-13
2736,40,62,73,31,,ต่างหูเพชร,2,,,,4,,,,6,20000,TRUE,FALSE,FALSE,2022-12-13
2737,40,62,74,31,,แหวนเพชร,2,,,,4,,,,6,90000,TRUE,FALSE,FALSE,2022-12-13
2738,40,62,75,31,,ชุดเครื่องเพชร,2,,,,4,,,,6,300000,TRUE,FALSE,FALSE,2022-12-13
2739,40,62,76,31,,แหวนบุษราคัม,2,,,,4,,,,6,25000,TRUE,FALSE,FALSE,2022-12-13
2740,40,62,77,31,,แหวนทองประดับเพชร,2,,,,4,,,,6,40000,TRUE,FALSE,FALSE,2022-12-13
2741,40,62,78,31,,ทองคำรูปพรรณ น้ำหนักรวม 68 บาท,2,,,,4,,,,6,1347760,TRUE,FALSE,FALSE,2022-12-13
2742,40,62,79,31,,ทองคำรูปพรรณกึ่งจิวเวอร์รี่,2,,,,4,,,,6,385500,TRUE,FALSE,FALSE,2022-12-13
2743,40,62,80,31,,ทองคำแท่ง น้ำหนักรวม 31 บาท,2,,,,4,,,,6,614420,FALSE,TRUE,FALSE,2022-12-13
2744,40,62,81,32,,พระเครื่อง หลวงพ่อแก้ว วัดเครือวัลย์ พิมพ์กลาง 1 พร้อมกรอบทองล้อมเพชร,2,,,,4,,,,6,18150000,FALSE,TRUE,FALSE,2022-12-13
2745,40,62,82,32,,พระเครื่อง สมเด็จ วัดระฆัง พิมพ์ใหญ่ พร้อมกรอบทองล้อมเพชร,2,,,,4,,,,6,45200000,FALSE,TRUE,FALSE,2022-12-13
2746,40,62,83,32,,พระเครื่อง หลวงพ่อแก้ว วัดเครือวัลย์ พิมพ์กลาง 2 พร้อมกรอบทองล้อมเพชร,2,,,,4,,,,6,12150000,FALSE,TRUE,FALSE,2022-12-13
2747,40,62,84,32,,พระเครื่อง ซุ้มกอ,2,,,,4,,,,6,10000000,FALSE,TRUE,FALSE,2022-12-13
2748,40,62,85,32,,พระเครื่อง หลวงพ่อคลีพ วัดสมถะ จังหวัดชลบุรี พร้อมกรอบทองล้อมเพชร,2,,,,4,,,,6,1650000,FALSE,TRUE,FALSE,2022-12-13
2841,42,663,17,31,,เข็มกลัดเสมาล้อมเพชร,1,,,2015,4,,,,6,150000,FALSE,TRUE,FALSE,2023-06-07
2749,40,62,86,32,,พระเครื่อง เหรียญวัดพนัญเชิง พร้อมกรอบทองล้อมเพชร,2,,,,4,,,,6,1150000,FALSE,TRUE,FALSE,2022-12-13
2750,40,62,87,32,,พระเครื่อง หลวงปู่ทวดเนื้อว่าน วัดช้างไห้,2,,,,4,,,,6,1000000,FALSE,TRUE,FALSE,2022-12-13
2751,40,62,88,32,,พระเครื่อง หลวงปู่ทวด วัดช้างไห้ พิมพ์กลาง ไม่ปั๊มซ้ำ,2,,,,4,,,,6,1500000,FALSE,TRUE,FALSE,2022-12-13
2752,40,62,89,32,,พระเครื่อง หลวงพ่อแก้ว วัดเครือวัลย์ พิมพ์จิ๋ว พร้อมกรอบทองล้อมเพชร,2,,,,4,,,,6,2100000,FALSE,TRUE,FALSE,2022-12-13
2753,40,62,90,32,,พระพุทธรูปปางลีลา สุโขทัย,2,,,,4,,,,6,8000000,FALSE,TRUE,FALSE,2022-12-13
2754,40,62,91,32,,พระพุทธรูปอู่ทอง หน้าหนุ่ม,2,,,,4,,,,6,20000000,FALSE,TRUE,FALSE,2022-12-13
2755,40,62,92,32,,พระลีลากำแพงศอก กรุวัดพระศรีรัตนมหาธาตุ จังหวัดสุพรรณบุรี,1,,,2015,4,,,,6,2500000,FALSE,TRUE,FALSE,2022-12-13
2756,40,62,93,32,,องค์จตุคาม รุ่นปี 2530,1,,,2004,4,,,,6,200000,FALSE,TRUE,FALSE,2022-12-13
2757,40,62,94,32,,สมเด็จวัดเกศไชโย พิมพ์นิยม ฐาน 7 ชั้น,2,,,,4,,,,6,2000000,FALSE,TRUE,FALSE,2022-12-13
2758,40,62,95,31,,กำไล Cartier,1,5,6,2022,4,,,,6,353000,TRUE,FALSE,FALSE,2022-12-13
2759,40,62,96,31,,สร้อยคอ TIFFANY&CO,1,10,6,2022,4,,,,6,505000,TRUE,FALSE,FALSE,2022-12-13
2842,42,663,18,31,,เข็มกลัดล็อกเก็ตล้อมเพชร,1,,,2015,4,,,,6,150000,FALSE,TRUE,FALSE,2023-06-07
2814,42,663,1,1,,โฉนด,1,1,4,1997,4,,,,1,5521250,TRUE,FALSE,FALSE,2023-06-07
2815,42,663,2,1,,โฉนด,1,7,8,1991,4,,,,1,227250,TRUE,FALSE,FALSE,2023-06-07
2816,42,663,3,1,,โฉนด,1,29,12,2003,4,,,,1,,TRUE,FALSE,FALSE,2023-06-07
2817,42,663,4,1,,โฉนด,1,29,12,2003,4,,,,1,10000000,TRUE,FALSE,FALSE,2023-06-07
2818,42,663,5,1,,โฉนด,1,21,6,2004,4,,,,1,4250000,TRUE,FALSE,FALSE,2023-06-07
2819,42,663,6,1,,โฉนด,1,14,7,2009,4,,,,1,1500000,TRUE,FALSE,FALSE,2023-06-07
2820,42,663,7,1,,โฉนด,1,21,6,2004,4,,,,1,4250000,FALSE,TRUE,FALSE,2023-06-07
2821,42,663,8,1,,โฉนด,1,14,7,2009,4,,,,1,1500000,FALSE,TRUE,FALSE,2023-06-07
2822,42,663,1,11,,อาคารพาณิชย์,1,29,12,2003,4,,,,6,1500000,TRUE,FALSE,FALSE,2023-06-07
2823,42,663,1,22,,กรมธรรม์ไทยพาณิชย์ประกันชีวิต เลขที่ 40173848 ชำระครบ,1,25,6,2016,1,25,6,2026,6,1000000,TRUE,FALSE,FALSE,2023-06-07
2824,42,663,2,22,,กรมธรรม์ไทยพาณิชย์ประกันชีวิต เลขที่ 40106378 ชำระครบ,1,28,3,2016,1,28,3,2026,6,1000000,FALSE,TRUE,FALSE,2023-06-07
2825,42,663,1,30,,นาฬิกาข้อมือ ยี่ห้อปาเต๊ะ ฟิลลิป (Patex Philippe),1,,,2015,4,,,,6,350000,TRUE,FALSE,FALSE,2023-06-07
2826,42,663,2,32,,หลวงพ่อปานล้อมกรอบทองคำและสร้อยคอทองคำ,1,,,2001,4,,,,6,62000,TRUE,FALSE,FALSE,2023-06-07
2827,42,663,3,33,,เหรียญทองคำ,1,,,2001,4,,,,6,10000,TRUE,FALSE,FALSE,2023-06-07
2828,42,663,4,31,,แหวนทองคำฝังเพชร,1,,,2001,4,,,,6,295000,TRUE,FALSE,FALSE,2023-06-07
2829,42,663,5,32,,เหรียญพระเครื่องเลี่ยมกรอบทองคำ,1,,,2001,4,,,,6,27000,TRUE,FALSE,FALSE,2023-06-07
2830,42,663,6,32,,เหรียญพระเครื่องเลี่ยมกรอบทองคำ,1,,,2001,4,,,,6,27000,TRUE,FALSE,FALSE,2023-06-07
2831,42,663,7,32,,เหรียญพระเครื่องเลี่ยมกรอบทองคำ,1,,,2001,4,,,,6,27000,TRUE,FALSE,FALSE,2023-06-07
2832,42,663,8,32,,เหรียญพระเครื่องเลี่ยมกรอบทองคำ,1,,,2001,4,,,,6,10000,TRUE,FALSE,FALSE,2023-06-07
2833,42,663,9,29,,ปืนพกออโตเมติก ขนาด 11 ม.ม. (อย 11/2507),1,23,6,2000,4,,,,6,50000,TRUE,FALSE,FALSE,2023-06-07
2834,42,663,10,31,,ชุดเครื่องประดับทองคำโกลด์มาสเตอร์,1,,,2001,4,,,,6,160680,FALSE,TRUE,FALSE,2023-06-07
2835,42,663,11,30,,นาฬิกายี่ห้อ BREQUET,1,,,2015,4,,,,6,400000,FALSE,TRUE,FALSE,2023-06-07
2836,42,663,12,31,,ชุดสร้อยสังวาลไพลินพร้อมต่างหูไพลินล้อมเพชร,1,,,2001,4,,,,6,480000,FALSE,TRUE,FALSE,2023-06-07
2837,42,663,13,31,,ต่างหูเพชร 1 คู่,1,,,2015,4,,,,6,800000,FALSE,TRUE,FALSE,2023-06-07
2838,42,663,14,31,,ต่างหูตุ้งติ้งเพชรเรือนทองคำขาว 1 คู่,1,,,2015,4,,,,6,100000,FALSE,TRUE,FALSE,2023-06-07
2839,42,663,15,31,,สร้อยสังวาลเพชร,1,,,2001,4,,,,6,370000,FALSE,TRUE,FALSE,2023-06-07
2840,42,663,16,31,,เข็มกลัดรูปหยดน้ำฝังเพชร,1,,,2015,4,,,,6,70000,FALSE,TRUE,FALSE,2023-06-07
2843,42,663,19,31,,เข็มกลัดมุก,1,,,2001,4,,,,6,72000,FALSE,TRUE,FALSE,2023-06-07
2844,42,663,20,31,,กำไลทองคำฝังเพชร,1,,,2001,4,,,,6,290000,FALSE,TRUE,FALSE,2023-06-07
2845,42,663,21,31,,เข็มกลัดดอกไม้โกลด์มาสเตอร์,1,,,2001,4,,,,6,6500,FALSE,TRUE,FALSE,2023-06-07
2846,42,663,22,33,,สร้อยคอทองคำ,1,,,2001,4,,,,6,144000,FALSE,TRUE,FALSE,2023-06-07
2847,42,663,23,31,,แหวนฝังเพชร 6 วง ต่างหู 1 คู่,1,,,2001,4,,,,6,840000,FALSE,TRUE,FALSE,2023-06-07
2848,42,663,24,33,,กำไลทองคำ,1,,,2001,4,,,,6,108000,FALSE,TRUE,FALSE,2023-06-07
2849,42,663,25,33,,สร้อยข้อมือทองคำ,1,,,2001,4,,,,6,180000,FALSE,TRUE,FALSE,2023-06-07
2850,43,688,1,1,,โฉนด,1,1,10,2014,4,,,,4,76000000,TRUE,FALSE,FALSE,2023-05-30
2851,43,688,2,1,,โฉนด,1,1,10,2014,4,,,,4,1977800,TRUE,FALSE,FALSE,2023-05-30
2852,43,688,3,1,,โฉนด,1,18,12,2014,4,,,,4,10103500,TRUE,FALSE,FALSE,2023-05-30
2853,43,688,4,1,,โฉนด,1,18,12,2014,4,,,,4,1406600,TRUE,FALSE,FALSE,2023-05-30
2854,43,688,5,1,,โฉนด,1,18,12,2014,4,,,,4,14158750,TRUE,FALSE,FALSE,2023-05-30
2855,43,688,6,1,,โฉนด,1,18,12,2014,4,,,,4,1396880,TRUE,FALSE,FALSE,2023-05-30
2856,43,688,7,1,,โฉนด,1,18,12,2014,4,,,,4,1255380,TRUE,FALSE,FALSE,2023-05-30
2857,43,688,8,1,,โฉนด,1,18,12,2014,4,,,,4,1341270,TRUE,FALSE,FALSE,2023-05-30
2858,43,688,9,1,,โฉนด,1,18,12,2014,4,,,,4,1522300,TRUE,FALSE,FALSE,2023-05-30
2859,43,688,10,1,,โฉนด,1,18,12,2014,4,,,,4,1412050,TRUE,FALSE,FALSE,2023-05-30
2860,43,688,11,1,,โฉนด,1,18,12,2014,4,,,,4,572000,TRUE,FALSE,FALSE,2023-05-30
2861,43,688,12,1,,โฉนด,1,18,12,2014,4,,,,4,2961400,TRUE,FALSE,FALSE,2023-05-30
2862,43,688,13,1,,โฉนด,1,18,12,2014,4,,,,4,570500,TRUE,FALSE,FALSE,2023-05-30
2863,43,688,14,1,,โฉนด,1,18,12,2014,4,,,,4,16279920,TRUE,FALSE,FALSE,2023-05-30
2864,43,688,15,1,,โฉนด,1,28,6,2017,4,,,,4,37350000,TRUE,FALSE,FALSE,2023-05-30
2865,43,688,16,1,,โฉนด,1,28,6,2017,4,,,,4,3140240,TRUE,FALSE,FALSE,2023-05-30
2866,43,688,17,1,,โฉนด,1,28,6,2017,4,,,,4,1977440,TRUE,FALSE,FALSE,2023-05-30
2867,43,688,18,1,,โฉนด,1,28,6,2017,4,,,,4,1775280,TRUE,FALSE,FALSE,2023-05-30
2868,43,688,19,1,,โฉนด,1,28,6,2017,4,,,,4,333200,TRUE,FALSE,FALSE,2023-05-30
2869,43,688,20,1,,โฉนด,1,28,6,2017,4,,,,4,2079000,TRUE,FALSE,FALSE,2023-05-30
2870,43,688,21,1,,โฉนด,1,28,6,2017,4,,,,4,1216050,TRUE,FALSE,FALSE,2023-05-30
2871,43,688,22,1,,โฉนด,1,28,6,2017,4,,,,4,157000,TRUE,FALSE,FALSE,2023-05-30
2872,43,688,23,1,,โฉนด,1,28,6,2017,4,,,,4,100000,TRUE,FALSE,FALSE,2023-05-30
2873,43,688,24,1,,โฉนด,1,28,6,2017,4,,,,4,3897750,TRUE,FALSE,FALSE,2023-05-30
2874,43,688,25,1,,โฉนด,1,28,6,2017,4,,,,4,705000,TRUE,FALSE,FALSE,2023-05-30
2875,43,688,26,1,,โฉนด,1,28,6,2017,4,,,,4,12946600,TRUE,FALSE,FALSE,2023-05-30
2876,43,688,27,1,,โฉนด,1,28,6,2017,4,,,,4,3247600,TRUE,FALSE,FALSE,2023-05-30
2877,43,688,28,1,,โฉนด,1,13,7,2017,4,,,,4,1368400,TRUE,FALSE,FALSE,2023-05-30
2878,43,688,29,1,,โฉนด,1,24,7,2017,4,,,,1,18450000,FALSE,TRUE,FALSE,2023-05-30
2879,43,688,30,1,,โฉนด,1,24,8,2020,4,,,,1,18900000,FALSE,TRUE,FALSE,2023-05-30
2880,43,688,1,10,,บ้านพักอาศัย 2 ชั้น,1,1,10,2014,4,,,,5,15000000,TRUE,FALSE,FALSE,2023-05-30
2881,43,688,2,10,,บ้านพักอาศัย 2 ชั้น,1,28,6,2017,4,,,,5,50000000,TRUE,FALSE,FALSE,2023-05-30
2882,43,688,1,18,,รถยนต์นั่งส่วนบุคคลไม่เกิน 7 คน,1,11,11,2015,4,,,,6,2000000,TRUE,FALSE,FALSE,2023-05-30
2883,43,688,2,18,,รถยนต์นั่งส่วนบุคคลไม่เกิน 7 คน,1,10,10,2016,4,,,,6,2500000,TRUE,FALSE,FALSE,2023-05-30
2884,43,688,3,18,,รถยนต์นั่งส่วนบุคคลไม่เกิน 7 คน,1,19,7,2017,4,,,,6,1000000,TRUE,FALSE,FALSE,2023-05-30
2885,43,688,4,18,,รถยนต์นั่งส่วนบุคคลไม่เกิน 7 คน,1,25,1,2018,4,,,,6,1200000,TRUE,FALSE,FALSE,2023-05-30
2886,43,688,5,19,,รถจักรยานยนต์,1,31,10,2016,4,,,,6,500000,FALSE,TRUE,FALSE,2023-05-30
2887,43,688,6,18,,รถยนต์นั่งส่วนบุคคลไม่เกิน 7 คน,1,26,4,2017,4,,,,6,10000000,FALSE,TRUE,FALSE,2023-05-30
2888,43,688,7,18,,รถยนต์นั่งส่วนบุคคลไม่เกิน 7 คน,1,18,10,2019,4,,,,6,8129900,FALSE,TRUE,FALSE,2023-05-30
2889,43,688,8,18,,รถยนต์นั่งส่วนบุคคลไม่เกิน 7 คน,1,4,2,2021,4,,,,6,2459000,FALSE,TRUE,FALSE,2023-05-30
2890,43,688,1,39,สิทธิการเช่าอาคารเช่าทรัพย์สินพระมหากษัตริย์,สิทธิการเช่าอาคารเช่าทรัพย์สินพระมหากษัตริย์ เลขที่ 1 ถ.พิชัย แขวงดุสิต เขตดุสิต กรุงเทพฯ,1,1,11,2022,1,31,10,2025,6,0,TRUE,FALSE,FALSE,2023-05-30
2891,43,688,2,22,,FWD ประกันชีวิต เลขที่ 41463739,1,24,3,2022,1,24,3,2038,6,3948027.92,TRUE,FALSE,FALSE,2023-05-30
2892,43,688,3,22,,FWD ประกันชีวิต เลขที่ 41463760,1,24,3,2022,1,24,3,2038,6,3948027.92,TRUE,FALSE,FALSE,2023-05-30
2893,43,688,4,22,,เมืองไทยประกันชีวิต เลขที่ 5052124492,1,25,8,2009,1,25,8,2023,6,1969605.48,FALSE,TRUE,FALSE,2023-05-30
2894,43,688,5,22,,เมืองไทยประกันชีวิต เลขที่ 5089123889,1,2,2,2017,1,2,2,2027,6,10006438.36,FALSE,TRUE,FALSE,2023-05-30
2895,43,688,6,22,,FWD ประกันชีวิต เลขที่ 40767877,1,16,3,2020,1,16,3,2034,6,2903707.44,FALSE,TRUE,FALSE,2023-05-30
2896,43,688,7,22,,FWD ประกันชีวิต เลขที่ 40767879,1,16,3,2020,1,16,3,2034,6,2903707.44,FALSE,TRUE,FALSE,2023-05-30
2897,43,688,8,22,,FWD ประกันชีวิต เลขที่ 40777475,1,24,3,2020,1,16,3,2034,6,8567664.92,FALSE,TRUE,FALSE,2023-05-30
2898,43,688,9,22,,FWD ประกันชีวิต เลขที่ 41433282,1,10,2,2022,1,10,2,2037,6,1372313.6,FALSE,TRUE,FALSE,2023-05-30
2899,43,688,10,22,,FWD ประกันชีวิต เลขที่ 41433285,1,10,2,2022,1,10,2,2037,6,1372313.6,FALSE,TRUE,FALSE,2023-05-30
2900,43,688,11,22,,เมืองไทยประกันชีวิต เลขที่ 5057987539,1,19,1,2011,1,19,1,2036,6,1531231.51,FALSE,FALSE,TRUE,2023-05-30
2901,43,688,12,22,,FWD ประกันชีวิต เลขที่ 100000719297,1,25,7,2012,1,25,7,2027,6,1974843.84,FALSE,FALSE,TRUE,2023-05-30
2902,43,688,13,22,,เมืองไทยประกันชีวิต เลขที่ 5057987752,1,19,1,2011,1,19,1,2036,6,1531126.03,FALSE,FALSE,TRUE,2023-05-30
2903,43,688,14,22,,FWD ประกันชีวิต เลขที่ 100000719328,1,25,7,2012,1,25,7,2027,6,1974843.84,FALSE,FALSE,TRUE,2023-05-30
2904,43,688,1,30,,นาฬิกาข้อมือ อูโบลท์,2,,,,4,,,,6,600000,TRUE,FALSE,FALSE,2023-05-30
2905,43,688,2,30,,นาฬิกาข้อมือ อูโบลท์,2,,,,4,,,,6,400000,TRUE,FALSE,FALSE,2023-05-30
2906,43,688,3,30,,นาฬิกาข้อมือ อูโบลท์,2,,,,4,,,,6,200000,TRUE,FALSE,FALSE,2023-05-30
2907,43,688,4,30,,นาฬิกาข้อมือ อูโบลท์,2,,,,4,,,,6,400000,TRUE,FALSE,FALSE,2023-05-30
2908,43,688,5,30,,นาฬิกาข้อมือ อูโบลท์,2,,,,4,,,,6,250000,TRUE,FALSE,FALSE,2023-05-30
2909,43,688,6,30,,นาฬิกาข้อมือ อูโบลท์,2,,,,4,,,,6,500000,TRUE,FALSE,FALSE,2023-05-30
2910,43,688,7,30,,นาฬิกาข้อมือ อูโบลท์,2,,,,4,,,,6,350000,TRUE,FALSE,FALSE,2023-05-30
2911,43,688,8,30,,นาฬิกาข้อมือ ปาเต๊ะ,2,,,,4,,,,6,400000,TRUE,FALSE,FALSE,2023-05-30
2912,43,688,9,30,,นาฬิกาข้อมือ ปาเต๊ะ,2,,,,4,,,,6,1800000,TRUE,FALSE,FALSE,2023-05-30
2913,43,688,10,30,,นาฬิกาข้อมือ ปาเต๊ะ,2,,,,4,,,,6,900000,TRUE,FALSE,FALSE,2023-05-30
2914,43,688,11,30,,นาฬิกาข้อมือ ปาเต๊ะ,2,,,,4,,,,6,1300000,TRUE,FALSE,FALSE,2023-05-30
2915,43,688,12,30,,นาฬิกาข้อมือ ปาเต๊ะ,2,,,,4,,,,6,800000,TRUE,FALSE,FALSE,2023-05-30
2916,43,688,13,30,,นาฬิกาข้อมือ ปาเต๊ะ,2,,,,4,,,,6,800000,TRUE,FALSE,FALSE,2023-05-30
2917,43,688,14,30,,นาฬิกาข้อมือ ปาเต๊ะ,2,,,,4,,,,6,1000000,TRUE,FALSE,FALSE,2023-05-30
2918,43,688,15,30,,นาฬิกาข้อมือ จิราดด์,2,,,,4,,,,6,200000,TRUE,FALSE,FALSE,2023-05-30
2919,43,688,16,30,,นาฬิกาข้อมือ พรรนาราย,2,,,,4,,,,6,300000,TRUE,FALSE,FALSE,2023-05-30
2920,43,688,17,30,,นาฬิกาข้อมือ พรรนาราย,2,,,,4,,,,6,350000,TRUE,FALSE,FALSE,2023-05-30
2921,43,688,18,30,,นาฬิกาข้อมือ พรรนาราย,2,,,,4,,,,6,200000,TRUE,FALSE,FALSE,2023-05-30
2922,43,688,19,30,,นาฬิกาข้อมือ พรรนาราย,2,,,,4,,,,6,170000,TRUE,FALSE,FALSE,2023-05-30
2923,43,688,20,30,,นาฬิกาข้อมือ บุลการี,2,,,,4,,,,6,180000,TRUE,FALSE,FALSE,2023-05-30
2924,43,688,21,30,,นาฬิกาข้อมือ บุลการี,2,,,,4,,,,6,250000,TRUE,FALSE,FALSE,2023-05-30
2925,43,688,22,30,,นาฬิกาข้อมือ บุลการี,2,,,,4,,,,6,200000,TRUE,FALSE,FALSE,2023-05-30
2926,43,688,23,30,,นาฬิกาข้อมือ แฟรงค์ มูลเลอร์,2,,,,4,,,,6,350000,TRUE,FALSE,FALSE,2023-05-30
2927,43,688,24,30,,นาฬิกาข้อมือ แฟรงค์ มูลเลอร์,2,,,,4,,,,6,300000,TRUE,FALSE,FALSE,2023-05-30
2928,43,688,25,30,,นาฬิกาข้อมือ แฟรงค์ มูลเลอร์,2,,,,4,,,,6,180000,TRUE,FALSE,FALSE,2023-05-30
2929,43,688,26,30,,นาฬิกาข้อมือ ลูอิส นาแดง,2,,,,4,,,,6,800000,TRUE,FALSE,FALSE,2023-05-30
2930,43,688,27,30,,นาฬิกาข้อมือ ลูอิส นาแดง,2,,,,4,,,,6,950000,TRUE,FALSE,FALSE,2023-05-30
2931,43,688,28,30,,นาฬิกาข้อมือ โรเล็กซ์,2,,,,4,,,,6,900000,TRUE,FALSE,FALSE,2023-05-30
2932,43,688,29,30,,นาฬิกาข้อมือ โรเล็กซ์,2,,,,4,,,,6,250000,TRUE,FALSE,FALSE,2023-05-30
2933,43,688,30,30,,นาฬิกาข้อมือ บริเกต์,2,,,,4,,,,6,200000,TRUE,FALSE,FALSE,2023-05-30
2934,43,688,31,30,,นาฬิกาข้อมือ บริเกต์,2,,,,4,,,,6,350000,TRUE,FALSE,FALSE,2023-05-30
2935,43,688,32,30,,นาฬิกาข้อมือ ริชาร์ด มิลล์,2,,,,4,,,,6,1900000,TRUE,FALSE,FALSE,2023-05-30
2936,43,688,33,30,,นาฬิกาข้อมือ โจเดอมา ปีเก้,2,,,,4,,,,6,800000,TRUE,FALSE,FALSE,2023-05-30
2937,43,688,34,30,,นาฬิกาข้อมือ หลุยส์ วิตตอง,2,,,,4,,,,6,180000,TRUE,FALSE,FALSE,2023-05-30
2938,43,688,35,30,,นาฬิกาข้อมือ ไอ ดับบลิว ซี,2,,,,4,,,,6,500000,TRUE,FALSE,FALSE,2023-05-30
2939,43,688,36,30,,นาฬิกาข้อมือ บุคเคอร์เรอร์,2,,,,4,,,,6,30000,TRUE,FALSE,FALSE,2023-05-30
2940,43,688,37,30,,นาฬิกาข้อมือ มองต์ บลังค์,2,,,,4,,,,6,18000,TRUE,FALSE,FALSE,2023-05-30
2941,43,688,38,30,,นาฬิกาข้อมือ โอเมก้า,2,,,,4,,,,6,50000,TRUE,FALSE,FALSE,2023-05-30
2942,43,688,39,28,,กระเป๋าถือ แอร์เมส,2,,,,4,,,,6,150000,TRUE,FALSE,FALSE,2023-05-30
2943,43,688,40,33,,ทองคำแท่ง,2,,,,4,,,,6,2000000,TRUE,FALSE,FALSE,2023-05-30
2944,43,688,41,33,,"ทองคำ, เหรียญทองคำ",2,,,,4,,,,6,400000,TRUE,FALSE,FALSE,2023-05-30
2945,43,688,42,32,,"ทองคำ, สร้อยทองคำ, พระ",2,,,,4,,,,6,1000000,TRUE,FALSE,FALSE,2023-05-30
2946,43,688,43,32,,"สร้อยทองคำขาว, พระ",2,,,,4,,,,6,1000000,TRUE,FALSE,FALSE,2023-05-30
2947,43,688,44,32,,พระ,2,,,,4,,,,6,50000,TRUE,FALSE,FALSE,2023-05-30
2948,43,688,45,32,,"สร้อยทองคำ, พระ",2,,,,4,,,,6,300000,TRUE,FALSE,FALSE,2023-05-30
2949,43,688,46,32,,"สร้อยทองคำ, พระ",2,,,,4,,,,6,100000,TRUE,FALSE,FALSE,2023-05-30
2950,43,688,47,32,,"สร้อยทองคำ, พระ, ช้อนเงิน, ช้อนทอง",2,,,,4,,,,6,600000,TRUE,FALSE,FALSE,2023-05-30
2951,43,688,48,33,,"สร้อยทอง, สร้อยข้อมือเลสทองคำ, กำไลข้อเท้าทองคำ, จี้ทองคำ",2,,,,4,,,,6,400000,TRUE,FALSE,FALSE,2023-05-30
2952,43,688,49,31,,แหวนมุก ทองคำ,2,,,,4,,,,6,100000,TRUE,FALSE,FALSE,2023-05-30
2953,43,688,50,31,,แหวนทองคำขาว,2,,,,4,,,,6,40000,TRUE,FALSE,FALSE,2023-05-30
2954,43,688,51,31,,แหวนทองคำขาวฝังเพชร,2,,,,4,,,,6,200000,TRUE,FALSE,FALSE,2023-05-30
2955,43,688,52,31,,แหวนทองคำขาวฝังเพชร,2,,,,4,,,,6,9000000,TRUE,FALSE,FALSE,2023-05-30
2956,43,688,53,29,,ปืนกล็อก,2,,,,4,,,,6,70000,TRUE,FALSE,FALSE,2023-05-30
2957,43,688,54,31,,สร้อยข้อมือมุกธรรมชาติ,2,,,,4,,,,6,20000,FALSE,TRUE,FALSE,2023-05-30
2958,43,688,55,31,,"สร้อยข้อมือทองคำขาวเพชรเล็ก, สร้อยข้อมือเพชรและพลอยสีอ่อน",2,,,,4,,,,6,48000,FALSE,TRUE,FALSE,2023-05-30
2959,43,688,56,31,,สร้อยข้อมือทองฝังเพชรชุบเงิน,2,,,,4,,,,6,65000,FALSE,TRUE,FALSE,2023-05-30
2960,43,688,57,31,,"สร้อยคอมุก, สร้อยข้อมือมุก, ต่างหูมุก (มุกสามสี)",2,,,,4,,,,6,55000,FALSE,TRUE,FALSE,2023-05-30
2961,43,688,58,31,,สร้อยคอมุก(ยาว) (มุกธรรมชาติ),2,,,,4,,,,6,44000,FALSE,TRUE,FALSE,2023-05-30
2962,43,688,59,31,,"สร้อยคอมุก, แหวนมุก, ต่างหูมุก (มุกขาวอมชมพู)",2,,,,4,,,,6,80000,FALSE,TRUE,FALSE,2023-05-30
2963,43,688,60,31,,แหวน HERMES ทองคำขาวฝังเพชร,2,,,,4,,,,6,45000,FALSE,TRUE,FALSE,2023-05-30
2964,43,688,61,31,,สร้อยคอเงินฝังเพชรประดับด้วยไพลินล้อมเพชร,2,,,,4,,,,6,40000,FALSE,TRUE,FALSE,2023-05-30
2965,43,688,62,31,,ต่างหูเพชรเล็ก 3 เม็ด,2,,,,4,,,,6,65000,FALSE,TRUE,FALSE,2023-05-30
2966,43,688,63,31,,ต่างหูเพชรประกอบ,2,,,,4,,,,6,35000,FALSE,TRUE,FALSE,2023-05-30
2967,43,688,64,31,,ต่างหูเพชรเม็ดเดี่ยว,2,,,,4,,,,6,105000,FALSE,TRUE,FALSE,2023-05-30
2968,43,688,65,31,,ต่างหูเสือฝังเพชร,2,,,,4,,,,6,40000,FALSE,TRUE,FALSE,2023-05-30
2969,43,688,66,31,,แหวนเพชรรูปหัวใจ,2,,,,4,,,,6,500000,FALSE,TRUE,FALSE,2023-05-30
2970,43,688,67,31,,ต่างหูเพชรรูปหัวใจ,2,,,,4,,,,6,800000,FALSE,TRUE,FALSE,2023-05-30
2971,43,688,68,31,,แหวนไพลินล้อมเพชร,2,,,,4,,,,6,850000,FALSE,TRUE,FALSE,2023-05-30
2972,43,688,69,31,,แหวนเสือฝังเพชร,2,,,,4,,,,6,30000,FALSE,TRUE,FALSE,2023-05-30
2973,43,688,70,31,,ต่างหูดอกไม้ฝังเพชร,2,,,,4,,,,6,100000,FALSE,TRUE,FALSE,2023-05-30
2974,43,688,71,31,,แหวนมังกรมรกตและเพชร,2,,,,4,,,,6,55000,FALSE,TRUE,FALSE,2023-05-30
2975,43,688,72,31,,ต่างหูเพชร (ปีนหู),2,,,,4,,,,6,35000,FALSE,TRUE,FALSE,2023-05-30
2976,43,688,73,31,,แหวนเพชร สี่เหลี่ยมเรียง,2,,,,4,,,,6,300000,FALSE,TRUE,FALSE,2023-05-30
2977,43,688,74,31,,แหวนเพชร (หมุนได้),2,,,,4,,,,6,15000,FALSE,TRUE,FALSE,2023-05-30
2978,43,688,75,31,,แหวนมรกต,2,,,,4,,,,6,800000,FALSE,TRUE,FALSE,2023-05-30
2979,43,688,76,31,,ต่างหูเพชรดอกไม้ (ประกอบ),2,,,,4,,,,6,40000,FALSE,TRUE,FALSE,2023-05-30
2980,43,688,77,31,,แหวนเพชรหยดน้ำ,2,,,,4,,,,6,800000,FALSE,TRUE,FALSE,2023-05-30
2981,43,688,78,31,,แหวนเพชรเม็ดเดี่ยว,2,,,,4,,,,6,2000000,FALSE,TRUE,FALSE,2023-05-30
2982,43,688,79,31,,ต่างหูเพชรหยดน้ำ,2,,,,4,,,,6,500000,FALSE,TRUE,FALSE,2023-05-30
2983,43,688,80,31,,จี้ทับทิมล้อมเพชร,2,,,,4,,,,6,150000,FALSE,TRUE,FALSE,2023-05-30
2984,43,688,81,31,,จี้ไพลินล้อมเพชร ต่างหูไพลินล้อมเพชร,2,,,,4,,,,6,100000,FALSE,TRUE,FALSE,2023-05-30
2985,43,688,82,31,,ต่างหูเพชรแถว,2,,,,4,,,,6,300000,FALSE,TRUE,FALSE,2023-05-30
2986,43,688,83,31,,ต่างหูมรกตหยดน้ำล้อมเพชร,2,,,,4,,,,6,800000,FALSE,TRUE,FALSE,2023-05-30
2987,43,688,84,31,,ต่างหูเพชรเม็ดเดี่ยว,2,,,,4,,,,6,900000,FALSE,TRUE,FALSE,2023-05-30
2988,43,688,85,31,,กำไลหยก,2,,,,4,,,,6,10000,FALSE,TRUE,FALSE,2023-05-30
2989,43,688,86,31,,ต่างหูทับทิมล้อมเพชร,2,,,,4,,,,6,250000,FALSE,TRUE,FALSE,2023-05-30
2990,43,688,87,31,,เข็มกลัดหยกล้อมเพชร,2,,,,4,,,,6,120000,FALSE,TRUE,FALSE,2023-05-30
2991,43,688,88,31,,จี้ไพลินล้อมเพชร,2,,,,4,,,,6,150000,FALSE,TRUE,FALSE,2023-05-30
2992,43,688,89,31,,สร้อยคอเพชรเล็ก,2,,,,4,,,,6,500000,FALSE,TRUE,FALSE,2023-05-30
2993,43,688,90,31,,"สร้อยคอไพลินล้อมเพชร, สร้อยข้อมือไพลินล้อมเพชร",2,,,,4,,,,6,300000,FALSE,TRUE,FALSE,2023-05-30
2994,43,688,91,31,,"กำไลข้อมูลโบราณ (นิล, เพชร, มรกต, ทับทิม)",2,,,,4,,,,6,500000,FALSE,TRUE,FALSE,2023-05-30
2995,43,688,92,31,,"สร้อยคอหยกล้อมเพชร, ต่างหูหยกล้อมเพชร",2,,,,4,,,,6,200000,FALSE,TRUE,FALSE,2023-05-30
2996,43,688,93,31,,สร้อยข้อมือทับทิมล้อมเพชร,2,,,,4,,,,6,200000,FALSE,TRUE,FALSE,2023-05-30
2997,43,688,94,31,,สร้อยคอทองคำพร้อมจี้ทองคำฝังเพชรโบราณ,2,,,,4,,,,6,200000,FALSE,TRUE,FALSE,2023-05-30
2998,43,688,95,31,,หัวเข็มขัดทับทิมฝังเพชรโบราณ,2,,,,4,,,,6,200000,FALSE,TRUE,FALSE,2023-05-30
2999,43,688,96,31,,สร้อยคอทองคำโบราณ,2,,,,4,,,,6,80000,FALSE,TRUE,FALSE,2023-05-30
3000,43,688,97,31,,สร้อยคอทองคำโบราณ (สั้น),2,,,,4,,,,6,60000,FALSE,TRUE,FALSE,2023-05-30
3744,53,907,1,1,,โฉนด,1,17,4,2015,4,,,,4,1600000,FALSE,TRUE,FALSE,2023-06-27
3745,53,907,1,13,,ห้องชุด,1,8,11,2021,4,,,,4,3500000,TRUE,FALSE,FALSE,2023-06-27
3746,53,907,2,13,,ห้องชุด,1,13,1,2021,4,,,,6,1065000,FALSE,TRUE,FALSE,2023-06-27
3747,53,907,1,19,,รถจักรยานยนต์,1,14,9,2016,4,,,,6,23000,TRUE,FALSE,FALSE,2023-06-27
3748,53,907,1,22,,สัญญาประกันภัย มูลค่าเวนคืนตามกรมธรรม์ บริษัท ไทยประกันชีวิต จำกัด (มหาชน),1,10,3,2015,1,10,3,2035,6,70344.89,TRUE,FALSE,FALSE,2023-06-27
3749,53,907,1,29,,อาวุธปืน,2,,,,4,,,,6,150000,TRUE,FALSE,FALSE,2023-06-27
4532,80,63,1,1,,โฉนด,1,9,7,2014,4,,,,6,306000,TRUE,FALSE,FALSE,2022-12-13
4533,80,63,2,1,,โฉนด,1,21,6,2019,4,,,,6,200000,TRUE,FALSE,FALSE,2022-12-13
4534,80,63,3,1,,โฉนด,1,17,2,1994,4,,,,6,2000000,FALSE,TRUE,FALSE,2022-12-13
4535,80,63,4,1,,โฉนด,1,22,6,2009,4,,,,6,4000000,FALSE,TRUE,FALSE,2022-12-13
4536,80,63,5,1,,โฉนด,1,15,9,2015,4,,,,6,3300000,FALSE,TRUE,FALSE,2022-12-13
4537,80,63,6,1,,โฉนด,1,15,9,2015,4,,,,6,3300000,FALSE,TRUE,FALSE,2022-12-13
4538,80,63,7,1,,โฉนด,1,14,11,2018,4,,,,6,4980000,FALSE,TRUE,FALSE,2022-12-13
4539,80,63,8,1,,โฉนด,1,14,11,2018,4,,,,6,5040000,FALSE,TRUE,FALSE,2022-12-13
4540,80,63,1,10,,บ้านพัก 2 ชั้น,1,14,11,2018,4,,,,4,2000000,FALSE,TRUE,FALSE,2022-12-13
4541,80,63,1,18,,รถยนต์,1,20,5,2015,4,,,,6,300000,TRUE,FALSE,FALSE,2022-12-13
4542,80,63,2,18,,รถยนต์,1,20,12,2017,4,,,,6,200000,FALSE,TRUE,FALSE,2022-12-13
4543,80,63,3,18,,รถยนต์,1,18,1,2021,4,,,,6,1119660,TRUE,FALSE,FALSE,2022-12-13
4544,80,63,1,22,,กรมธรรม์ประกันภัยเลขที่ T119724510,1,14,11,2005,1,14,11,2025,6,508690,TRUE,FALSE,FALSE,2022-12-13
4545,80,63,2,22,,กรมธรรม์ประกันภัยเลขที่ T00359831,1,21,8,2009,1,21,8,2024,6,415235.94,TRUE,FALSE,FALSE,2022-12-13
4546,80,63,3,22,,กรมธรรม์ประกันภัยเลขที่ T01816006,1,17,4,2014,1,17,4,2048,6,252498.38,TRUE,FALSE,FALSE,2022-12-13
4547,80,63,4,22,,กรมธรรม์ประกันภัยเลขที่ T04692496,1,11,11,2016,1,11,11,2047,6,371359.51,TRUE,FALSE,FALSE,2022-12-13
4548,80,63,5,22,,กรมธรรม์ประกันภัยเลขที่ T05339808,1,7,6,2017,1,7,6,2032,6,517200,TRUE,FALSE,FALSE,2022-12-13
4549,80,63,6,22,,กรมธรรม์ประกันภัยเลขที่ T123790802,1,26,6,2006,1,26,6,2026,6,274800,FALSE,TRUE,FALSE,2022-12-13
4550,80,63,7,22,,กรมธรรม์ประกันภัยเลขที่ T03818477,1,27,2,2016,1,27,2,2031,6,292150,FALSE,TRUE,FALSE,2022-12-13
4551,80,63,1,32,,สร้อยคอทองคำ 2 เส้น (7 บาท) พร้อมพระเลี่ยมทอง 9 องค์,2,,,,4,,,,6,170000,TRUE,FALSE,FALSE,2022-12-13
4552,80,63,2,32,,พระเครื่องและเหรียญเลี่ยมทองคำ,2,,,,4,,,,6,50000,TRUE,FALSE,FALSE,2022-12-13
4553,80,63,3,31,,แหวนเพชร,2,,,,4,,,,6,90000,TRUE,FALSE,FALSE,2022-12-13
4554,80,63,4,30,,นาฬิกา Rolex,2,,,,4,,,,6,80000,TRUE,FALSE,FALSE,2022-12-13
4555,80,63,5,30,,นาฬิกา CITIZEN,2,,,,4,,,,6,8000,TRUE,FALSE,FALSE,2022-12-13
4556,80,63,6,31,,สร้อยคอพร้อมต่างหูมุก,2,,,,4,,,,6,50000,FALSE,TRUE,FALSE,2022-12-13
4557,80,63,7,31,,สร้อยคอทองคำพร้อมไพลินล้อมเพชร สร้อยข้อมือ และต่างหูเพชร,2,,,,4,,,,6,30000,FALSE,TRUE,FALSE,2022-12-13
4558,80,63,8,31,,แหวนเพชร,2,,,,4,,,,6,100000,FALSE,TRUE,FALSE,2022-12-13
4559,80,63,9,31,,แหวนมุกล้อมเพชร,2,,,,4,,,,6,25000,FALSE,TRUE,FALSE,2022-12-13
4560,80,63,10,31,,ต่างหูเพชร,2,,,,4,,,,6,65000,FALSE,TRUE,FALSE,2022-12-13
4561,80,63,11,31,,สร้อยข้อมือทองคำ 3 เส้น,2,,,,4,,,,6,50000,FALSE,TRUE,FALSE,2022-12-13
4562,80,63,12,31,,สร้อยข้อมือทองคำ 5 เส้น,2,,,,4,,,,6,60000,FALSE,TRUE,FALSE,2022-12-13
4563,80,63,13,33,,ทองคำแท่ง 2 แท่ง,2,,,,4,,,,6,300000,FALSE,TRUE,FALSE,2022-12-13