submitter_id,nacc_id,index,title,first_name,last_name,title_en,first_name_en,last_name_en,latest_submitted_date
40,62,1,นางสาว,วทันยา,วงษ์โอภาสี,,,,2022-12-13
61,2028,1,ดร.คุณหญิง,กัลยา,พงศ์พูนสุขศรี,Dr. Khunying,Kalaya,Pongpoonsuksri,2019-10-15
101,571,1,นาง,เจริญ,ทองทวี,,,,2023-05-24
117,820,1,นางสาว,ซุ้มผกา,จันทรคณา,,,,2023-06-19
121,945,1,นาย,อุบลศักดิ์,บัวหลวงงาม,,,,2023-07-07
122,949,1,นาย,บวรนิจ,นิลวัชรมณี,,,,2023-07-11
127,1035,1,นางสาว,มัลลิกา,บุญมีตระกูล,,,,2023-07-10
130,1051,1,นาย,กฤษฎา,บุตรเจริญ,,,,2023-07-11
142,1874,1,อื่นๆ,นิยม,วิวรรธนดิฐกุล,DR.,Niyom,Wiwattanadittakun,2019-10-15
149,2078,1,นางสาว,เพชร,ทานตวณิช,Miss,Phet,Tantawanich,2019-10-15
101,2095,2,นาง,เจริญ,ทองทวี,,Charoen,Thongthave,2019-10-15
154,537,1,นาย,ปฏิวัติ,พิจารณ์,,,,2023-05-16